Datetime,open,high,low,close,return_close,MA_8,MA_21,MA_30,MA_50,MA_100,MA_200,positive_returns,MA_UP,MA_DOWN,Derivada_8,Derivada_21,Derivada_30,Derivada_50,Derivada_100,Derivada_200
2023-05-19 00:00:00+01:00,1.2413570880889893,1.2414495944976807,1.2409719228744507,1.2412029504776,,,,,,,,False,False,False,,,,,,
2023-05-19 01:00:00+01:00,1.2413108348846436,1.2415728569030762,1.2405717372894287,1.2414032220840454,0.00016135282821250208,,,,,,,True,False,False,,,,,,
2023-05-19 02:00:00+01:00,1.2412338256835938,1.2414803504943848,1.2391266822814941,1.2397410869598389,-0.0013389163928672065,,,,,,,False,False,False,,,,,,
2023-05-19 03:00:00+01:00,1.239449143409729,1.2408795356750488,1.2391574382781982,1.2407563924789429,0.0008189657742116996,,,,,,,True,False,False,,,,,,
2023-05-19 04:00:00+01:00,1.2407255172729492,1.2409719228744507,1.2399717569351196,1.240356206893921,-0.0003225335669819751,,,,,,,False,False,False,,,,,,
2023-05-19 05:00:00+01:00,1.2402485609054565,1.2403408288955688,1.23931086063385,1.2396950721740723,-0.0005330200438986576,,,,,,,False,False,False,,,,,,
2023-05-19 06:00:00+01:00,1.2397410869598389,1.240556240081787,1.2394952774047852,1.2404332160949707,0.0005954237759482339,,,,,,,True,False,False,,,,,,
2023-05-19 07:00:00+01:00,1.2398179769515991,1.2424983978271484,1.2392956018447876,1.2410796880722046,0.0005211662900070912,1.2405834794044495,,,,,,True,False,False,,,,,,
2023-05-19 08:00:00+01:00,1.2416036128997803,1.2424829006195068,1.240494728088379,1.240802526473999,-0.00022332296698535092,1.2405334264039993,,,,,,False,False,False,-5.005300045013428e-05,,,,,
2023-05-19 09:00:00+01:00,1.2402946949005127,1.2415419816970825,1.239633560180664,1.2409104108810425,8.69472818934014e-05,1.240471825003624,,,,,,True,False,False,-6.160140037536621e-05,,,,,
2023-05-19 10:00:00+01:00,1.2411413192749023,1.2435181140899658,1.2410026788711548,1.2430543899536133,0.0017277468653427164,1.2408859878778458,,,,,,True,False,False,0.00041416287422180176,,,,,
2023-05-19 11:00:00+01:00,1.2430543899536133,1.2436883449554443,1.2423903942108154,1.2429616451263428,-7.461043379930477e-05,1.2411616444587708,,,,,,False,False,False,0.0002756565809249878,,,,,
2023-05-19 12:00:00+01:00,1.2432245016098022,1.2443692684173584,1.2425601482391357,1.2443692684173584,0.0011324752429286988,1.2416632771492004,,,,,,True,False,False,0.0005016326904296875,,,,,
2023-05-19 13:00:00+01:00,1.2442917823791504,1.2467273473739624,1.244214415550232,1.2449114322662354,0.00043569369851637063,1.2423153221607208,,,,,,True,False,False,0.0006520450115203857,,,,,
2023-05-19 14:00:00+01:00,1.244694471359253,1.2447099685668945,1.243193507194519,1.2440131902694702,-0.0007215308442705126,1.2427628189325333,,,,,,False,False,False,0.00044749677181243896,,,,,
2023-05-19 15:00:00+01:00,1.2434872388839722,1.243873953819275,1.2423595190048218,1.2438275814056396,-0.00014920168474286122,1.2431063055992126,,,,,,False,False,False,0.0003434866666793823,,,,,
2023-05-19 16:00:00+01:00,1.2437347173690796,1.2479408979415894,1.2430390119552612,1.2462146282196045,0.001919113910681558,1.2437828183174133,,,,,,True,False,False,0.0006765127182006836,,,,,
2023-05-19 17:00:00+01:00,1.2463078498840332,1.2474428415298462,1.2451750040054321,1.2463388442993164,9.967470843230686e-05,1.2444613724946976,,,,,,True,False,False,0.0006785541772842407,,,,,
2023-05-19 18:00:00+01:00,1.2468360662460327,1.2471004724502563,1.2459352016448975,1.2462612390518188,-6.226657209029707e-05,1.2448622286319733,,,,,,False,False,False,0.0004008561372756958,,,,,
2023-05-19 19:00:00+01:00,1.246230125427246,1.246230125427246,1.2446480989456177,1.2450354099273682,-0.0009836052715427313,1.2451214492321014,,,,,,False,False,False,0.00025922060012817383,,,,,
2023-05-19 20:00:00+01:00,1.244926929473877,1.2450509071350098,1.2433481216430664,1.2446634769439697,-0.00029873285565440444,1.2451582252979279,1.2427634227843511,,,,,False,True,False,3.6776065826416016e-05,,,,,
2023-05-19 21:00:00+01:00,1.2450973987579346,1.245159387588501,1.2440286874771118,1.2445706129074097,-7.460975458850605e-05,1.2451156228780746,1.2429237876619612,,,,,False,False,False,-4.260241985321045e-05,0.00016036487761006413,,,,
2023-05-19 22:00:00+01:00,1.2445086240768433,1.2445086240768433,1.2445086240768433,1.2445086240768433,-4.9807403391555205e-05,1.2451775521039963,1.2430716639473325,,,,,False,True,False,6.192922592163086e-05,0.0001478762853712734,,,,
2023-05-22 00:00:00+01:00,1.2452369928359985,1.246230125427246,1.245221495628357,1.246230125427246,0.0013832779597489075,1.245477870106697,1.2433806657791138,,,,,True,True,False,0.00030031800270080566,0.00030900183178128593,,,,
2023-05-22 01:00:00+01:00,1.2461680173873901,1.2468360662460327,1.2454696893692017,1.2467739582061768,0.0004363823083992635,1.2455477863550186,1.2436672165280296,,,,,True,True,False,6.99162483215332e-05,0.0002865507489158148,,,,
2023-05-22 02:00:00+01:00,1.2469605207443237,1.2472871541976929,1.2457022666931152,1.2466496229171753,-9.972560638049632e-05,1.245586633682251,1.2439669030053275,,,,,False,True,False,3.884732723236084e-05,0.0002996864772979446,,,,
2023-05-22 03:00:00+01:00,1.246540904045105,1.246540904045105,1.2455626726150513,1.246230125427246,-0.00033649991322148853,1.2455827444791794,1.2442780960173834,,,,,False,False,False,-3.889203071594238e-06,0.0003111930120558437,,,,
2023-05-22 04:00:00+01:00,1.2461680173873901,1.2465097904205322,1.2456557750701904,1.2458575963974,-0.0002989247509310733,1.2456855177879333,1.2445363998413086,,,,,False,True,False,0.00010277330875396729,0.0002583038239252211,,,,
2023-05-22 05:00:00+01:00,1.2458419799804688,1.2463544607162476,1.2454540729522705,1.2457643747329712,-7.482529680624683e-05,1.2458231300115585,1.244759480158488,,,,,False,True,False,0.0001376122236251831,0.000223080317179436,,,,
2023-05-22 06:00:00+01:00,1.2456867694854736,1.2457643747329712,1.2441060543060303,1.2442762851715088,-0.0011945192779986291,1.245786339044571,1.2449248972393216,1.243629773457845,,,,False,False,False,-3.679096698760986e-05,0.0001654170808336186,,,,
2023-05-22 07:00:00+01:00,1.2442607879638672,1.2449734210968018,1.2429616451263428,1.2432862520217896,-0.0007956698697209053,1.2456335425376892,1.2450380325317383,1.2436992168426513,,,,False,False,False,-0.00015279650688171387,0.0001131352924166329,6.94433848063003e-05,,,
2023-05-22 08:00:00+01:00,1.2431162595748901,1.2437502145767212,1.2415573596954346,1.2433171272277832,2.483354572890839e-05,1.2452694177627563,1.2450505438305082,1.243763013680776,,,,True,False,False,-0.00036412477493286133,1.2511298769890544e-05,6.379683812474113e-05,,,
2023-05-22 09:00:00+01:00,1.243270754814148,1.2442299127578735,1.2420971393585205,1.2440595626831055,0.0005971408573592907,1.2449301183223724,1.2451028256189256,1.2439069628715516,,,,True,False,True,-0.00033929944038391113,5.228178841742981e-05,0.00014394919077553858,,,
2023-05-22 10:00:00+01:00,1.2442299127578735,1.2448804378509521,1.2441680431365967,1.2444621324539185,0.00032359364687062353,1.2446566820144653,1.2451072477159046,1.244030487537384,,,,True,False,True,-0.0002734363079071045,4.422096979039836e-06,0.0001235246658324307,,,
2023-05-22 11:00:00+01:00,1.2443846464157104,1.2464475631713867,1.2443227767944336,1.2449579238891602,0.00039839816922682125,1.2444976568222046,1.2451094616027105,1.244183878103892,,,,True,False,True,-0.0001590251922607422,2.213886805879639e-06,0.00015339056650809368,,,
2023-05-22 12:00:00+01:00,1.2450509071350098,1.2462767362594604,1.2445859909057617,1.2460283041000366,0.0008597721981902229,1.2445189952850342,1.2452054194041662,1.2443949858347574,,,,True,False,False,2.1338462829589844e-05,9.595780145565946e-05,0.00021110773086530088,,,
2023-05-22 13:00:00+01:00,1.2462456226348877,1.2471004724502563,1.2455006837844849,1.2460592985153198,2.4874567601029796e-05,1.2445558607578278,1.2453116916474842,1.2445825219154358,,,,True,False,False,3.68654727935791e-05,0.00010627224331805074,0.00018753608067845207,,,
2023-05-22 14:00:00+01:00,1.2455471754074097,1.2457022666931152,1.2433634996414185,1.2435336112976074,-0.002026939825995222,1.24446302652359,1.245184024175008,1.2446643193562825,,,,False,False,True,-9.28342342376709e-05,-0.00012766747247616728,8.179744084668705e-05,,,
2023-05-22 15:00:00+01:00,1.2433634996414185,1.2436883449554443,1.2415728569030762,1.2416189908981323,-0.001539661157592076,1.244254618883133,1.2449592692511422,1.244691534837087,,,,False,False,True,-0.00020840764045715332,-0.00022475492386586637,2.7215480804532177e-05,,,
2023-05-22 16:00:00+01:00,1.2420663833618164,1.2428845167160034,1.2415882349014282,1.2420353889465332,0.0003353670098906747,1.2440944015979767,1.2447580382937478,1.2447290341059367,,,,True,False,True,-0.00016021728515625,-0.0002012309573944382,3.749926884966115e-05,,,
2023-05-22 17:00:00+01:00,1.2424829006195068,1.2429462671279907,1.241773247718811,1.2421588897705078,9.943422310976224e-05,1.243856817483902,1.244621061143421,1.2446991840998332,,,,True,False,True,-0.00023758411407470703,-0.00013697715032678914,-2.9850006103560034e-05,,,
2023-05-22 18:00:00+01:00,1.2422360181808472,1.2440286874771118,1.2417423725128174,1.2440286874771118,0.001505280622311922,1.2438026368618011,1.2445908330735707,1.2447347521781922,,,,True,False,True,-5.418062210083008e-05,-3.0228069850313233e-05,3.556807835902731e-05,,,
2023-05-22 19:00:00+01:00,1.244075059890747,1.2443382740020752,1.2433326244354248,1.2441834211349487,0.00012438110101031796,1.2437058240175247,1.24457239537012,1.2447285572687785,,,,True,False,True,-9.681284427642822e-05,-1.8437703450668863e-05,-6.194909413670402e-06,,,
2023-05-22 20:00:00+01:00,1.2442917823791504,1.2443692684173584,1.2428845167160034,1.243255376815796,-0.0007459063538286514,1.2433592081069946,1.244512716929118,1.2446733554204306,,,,False,False,True,-0.00034661591053009033,-5.9678441002075644e-05,-5.5201848347952165e-05,,,
2023-05-22 21:00:00+01:00,1.2432398796081543,1.2438429594039917,1.2429616451263428,1.2433326244354248,6.213334852156471e-05,1.2430183738470078,1.244374740691412,1.244650669892629,,,,True,False,True,-0.00034083425998687744,-0.0001379762377058391,-2.268552780160249e-05,,,
2023-05-22 22:00:00+01:00,1.243904948234558,1.2439513206481934,1.243193507194519,1.2432862520217896,-3.7296868692915375e-05,1.2429874539375305,1.2442086594445365,1.244632625579834,,,,False,False,True,-3.091990947723389e-05,-0.00016608124687556014,-1.8044312795062467e-05,,,
2023-05-22 23:00:00+01:00,1.2437657117843628,1.2438429594039917,1.2433016300201416,1.2437037229537964,0.000335780220627413,1.2432480454444885,1.2440683784938993,1.2445489287376403,,,,True,False,False,0.0002605915069580078,-0.00014028095063722823,-8.36968421935591e-05,,,
2023-05-23 00:00:00+01:00,1.2437810897827148,1.2437810897827148,1.242992639541626,1.243440866470337,-0.00021134976008208017,1.243423730134964,1.2439355566388084,1.2444523294766745,,,,False,False,False,0.00017568469047546387,-0.00013282185509089217,-9.659926096583504e-05,,,
2023-05-23 01:00:00+01:00,1.2431625127792358,1.244694471359253,1.2431625127792358,1.2439976930618286,0.00044781107530456055,1.243653580546379,1.243846989813305,1.2443768779436748,,,,True,False,False,0.0002298504114151001,-8.856682550328898e-05,-7.545153299970409e-05,,,
2023-05-23 02:00:00+01:00,1.243873953819275,1.243982195854187,1.2429462671279907,1.2430081367492676,-0.0007954647489140099,1.2435260117053986,1.2437157403855097,1.2443093021710714,1.243652949333191,,,False,False,True,-0.00012756884098052979,-0.00013124942779541016,-6.757577260341208e-05,,,
2023-05-23 03:00:00+01:00,1.2430390119552612,1.2436728477478027,1.2425910234451294,1.2436418533325195,0.0005098249677666367,1.243458315730095,1.2436855293455578,1.2442752480506898,1.2437017273902893,,,True,False,True,-6.76959753036499e-05,-3.021103995193286e-05,-3.405412038159916e-05,4.8778057098353145e-05,,
2023-05-23 04:00:00+01:00,1.243255376815796,1.2436728477478027,1.2427455186843872,1.2436264753341675,-1.2365294968841312e-05,1.2435047030448914,1.243701730455671,1.2442437767982484,1.2437461924552917,,,False,False,False,4.6387314796447754e-05,1.620111011324532e-05,-3.147125244140625e-05,4.4465065002441406e-05,,
2023-05-23 05:00:00+01:00,1.2432090044021606,1.2436883449554443,1.2429616451263428,1.2436573505401611,2.482675192760908e-05,1.2435452938079834,1.2437179315657843,1.2442154010136923,1.2438245177268983,,,True,False,False,4.0590763092041016e-05,1.620111011324532e-05,-2.837578455605616e-05,7.832527160656078e-05,,
2023-05-23 06:00:00+01:00,1.2436573505401611,1.2436573505401611,1.2420971393585205,1.2429771423339844,-0.0005469418130977788,1.2435066550970078,1.2436663877396357,1.2441069682439168,1.2438689327239991,,,False,False,True,-3.863871097564697e-05,-5.154382614858122e-05,-0.00010843276977556826,4.441499710083896e-05,,
2023-05-23 07:00:00+01:00,1.2430698871612549,1.243456244468689,1.2421897649765015,1.2433326244354248,0.000285992468673113,1.2434602677822113,1.243612601643517,1.2439922571182251,1.2439284610748291,,,True,False,True,-4.6387314796447754e-05,-5.37860961187242e-05,-0.00011471112569161335,5.952835083000707e-05,,
2023-05-23 08:00:00+01:00,1.2427763938903809,1.2427763938903809,1.2404638528823853,1.240679383277893,-0.0021339753380448245,1.2431150823831558,1.243408861614409,1.243793249130249,1.2439481472969056,,,False,False,True,-0.00034518539905548096,-0.00020374002910794609,-0.00019900798797611863,1.968622207648707e-05,,
2023-05-23 09:00:00+01:00,1.240664005279541,1.2410181760787964,1.2386815547943115,1.2410181760787964,0.00027307038826429597,1.2427426427602768,1.243170284089588,1.2436195174853006,1.243959846496582,,,True,False,True,-0.0003724396228790283,-0.00023857752482103756,-0.00017373164494838278,1.1699199676362682e-05,,
2023-05-23 10:00:00+01:00,1.2412029504776,1.241418719291687,1.23825204372406,1.23825204372406,-0.0022289217096532754,1.2421481311321259,1.242798510051909,1.243365999062856,1.243903293609619,,,False,False,True,-0.0005945116281509399,-0.00037177403767896244,-0.00025351842244458744,-5.6552886962935034e-05,,
2023-05-23 11:00:00+01:00,1.2382980585098267,1.2389425039291382,1.237424612045288,1.238190770149231,-4.948392788017841e-05,1.2414667457342148,1.2425440890448434,1.2431135455767313,1.2438510584831237,,,False,False,True,-0.0006813853979110718,-0.00025442100706563053,-0.0002524534861247929,-5.22351264953258e-05,,
2023-05-23 12:00:00+01:00,1.2385895252227783,1.2390038967132568,1.2378382682800293,1.238482117652893,0.000235300981630715,1.2408237010240555,1.2423947141284035,1.2429204066594441,1.2438024926185607,,,True,False,True,-0.0006430447101593018,-0.00014937491643984835,-0.00019313891728711674,-4.856586456303269e-05,,
2023-05-23 13:00:00+01:00,1.238405466079712,1.2393569946289062,1.2378995418548584,1.2381141185760498,-0.00029713717428614395,1.2401307970285416,1.2422079869679041,1.242748002211253,1.2437036871910094,,,False,False,True,-0.000692903995513916,-0.0001867271604993892,-0.00017240444819122125,-9.880542755125177e-05,,
2023-05-23 14:00:00+01:00,1.2380527257919312,1.2418348789215088,1.237914800643921,1.2416653633117676,0.0028682693157575656,1.2399668246507645,1.2421844857079642,1.2426929434140523,1.243677761554718,,,True,False,True,-0.0001639723777770996,-2.3501259939884278e-05,-5.5058797200580045e-05,-2.5925636291335152e-05,,
2023-05-23 15:00:00+01:00,1.2416653633117676,1.2433944940567017,1.2416653633117676,1.2422051429748535,0.0004347223326308658,1.239825889468193,1.2420976502554757,1.2426311294237773,1.243634479045868,,,True,False,True,-0.00014093518257141113,-8.683545248855395e-05,-6.18139902750503e-05,-4.328250885010654e-05,,
2023-05-23 16:00:00+01:00,1.2422051429748535,1.2428381443023682,1.241896629333496,1.2421588897705078,-3.723475515082786e-05,1.24001082777977,1.242001244000026,1.2425543546676636,1.2435794281959534,,,False,False,False,0.00018493831157684326,-9.640625544959924e-05,-7.677475611367335e-05,-5.50508499146396e-05,,
2023-05-23 17:00:00+01:00,1.2419891357421875,1.2419891357421875,1.240787148475647,1.2416036128997803,-0.0004470256384271343,1.2400840073823929,1.241922588575454,1.242442544301351,1.2435312366485596,,,False,False,False,7.317960262298584e-05,-7.865542457219377e-05,-0.00011181036631269237,-4.819154739377218e-05,,
2023-05-23 18:00:00+01:00,1.2415112257003784,1.2424675226211548,1.2414803504943848,1.2421280145645142,0.0004223583592102287,1.2405685037374496,1.2418652262006487,1.2423125346501669,1.243497245311737,,,True,False,False,0.0004844963550567627,-5.736237480524764e-05,-0.00013000965118403762,-3.399133682258082e-05,,
2023-05-23 19:00:00+01:00,1.2415882349014282,1.2422051429748535,1.2412183284759521,1.2418811321258545,-0.0001987576447555206,1.2410297989845276,1.2417983157294137,1.2421732624371846,1.243410575389862,,,False,False,False,0.0004612952470779419,-6.691047123497107e-05,-0.00013927221298226655,-8.666992187489342e-05,,
2023-05-23 20:00:00+01:00,1.241773247718811,1.241773247718811,1.2407408952713013,1.2407408952713013,-0.0009181529737884997,1.2413121461868286,1.2416572286969139,1.2420801719029744,1.2432986164093018,,,False,False,False,0.0002823472023010254,-0.00014108703249982035,-9.309053421024949e-05,-0.00011195898056026721,,
2023-05-23 21:00:00+01:00,1.2410951852798462,1.241649866104126,1.240664005279541,1.2414957284927368,0.0006083729683710182,1.2417348474264145,1.241564603078933,1.2420760631561278,1.24320330619812,,,True,True,False,0.00042270123958587646,-9.262561798095703e-05,-4.10874684653173e-06,-9.531021118180938e-05,,
2023-05-23 22:00:00+01:00,1.2414495944976807,1.2419891357421875,1.2413263320922852,1.241757869720459,0.00021114952045819813,1.241746410727501,1.2414579448245822,1.2420668125152587,1.243137755393982,,,True,True,False,1.1563301086425781e-05,-0.00010665825435074439,-9.250640869096216e-06,-6.555080413805925e-05,,
2023-05-23 23:00:00+01:00,1.2418040037155151,1.2420663833618164,1.2414803504943848,1.2419275045394897,0.00013660861200648355,1.2417117059230804,1.241406486147926,1.242059099674225,1.2430830359458924,,,True,False,False,-3.470480442047119e-05,-5.145867665623527e-05,-7.712841033846729e-06,-5.471944808954632e-05,,
2023-05-24 00:00:00+01:00,1.241896629333496,1.2420663833618164,1.2411566972732544,1.2414032220840454,-0.00042215222187125256,1.2416172474622726,1.2412998846599035,1.2419715841611227,1.243019688129425,,,False,False,False,-9.445846080780029e-05,-0.00010660148802243974,-8.751551310215433e-05,-6.334781646732957e-05,,
2023-05-24 01:00:00+01:00,1.2417116165161133,1.2428381443023682,1.2415728569030762,1.242529273033142,0.0009070791255127997,1.2417329549789429,1.241247636931283,1.2419164458910623,1.242980101108551,,,True,True,False,0.00011570751667022705,-5.224772862044702e-05,-5.5138270060428596e-05,-3.958702087403232e-05,,
2023-05-24 02:00:00+01:00,1.2427300214767456,1.2427763938903809,1.2419891357421875,1.2425601482391357,2.484867492769105e-05,1.2417869716882706,1.2411953892026628,1.2418932716051738,1.2429067015647888,,,True,True,False,5.4016709327697754e-05,-5.2247728620224976e-05,-2.317428588849424e-05,-7.339954376228697e-05,,
2023-05-24 03:00:00+01:00,1.2421280145645142,1.2425756454467773,1.2415882349014282,1.2420200109481812,-0.00043469709834165204,1.2418043315410614,1.2411498115176247,1.2418495178222657,1.2428116226196289,,,False,True,False,1.735985279083252e-05,-4.557768503810067e-05,-4.375378290810694e-05,-9.507894515992099e-05,,
2023-05-24 04:00:00+01:00,1.241896629333496,1.2428998947143555,1.2416961193084717,1.2427300214767456,0.0005716578817618334,1.242052972316742,1.24112111613864,1.2418309768040976,1.2427332305908203,,,True,True,False,0.000248640775680542,-2.8695378984755493e-05,-1.8541018168116707e-05,-7.839202880854934e-05,,
2023-05-24 05:00:00+01:00,1.2426837682724,1.243719220161438,1.2420200109481812,1.2435026168823242,0.0006216920748889354,1.2423038333654404,1.241255555834089,1.2418242732683817,1.242678680419922,,,True,True,False,0.0002508610486984253,0.0001344396954490179,-6.703535715857356e-06,-5.455017089839309e-05,,
2023-05-24 06:00:00+01:00,1.2435646057128906,1.2439203262329102,1.242992639541626,1.2437810897827148,0.00022394235171674381,1.2425567358732224,1.2413871231533231,1.241835614045461,1.2426371502876281,,,True,True,False,0.0002529025077819824,0.00013156731923413822,1.1340777079205111e-05,-4.153013229379887e-05,,
2023-05-24 07:00:00+01:00,1.2454074621200562,1.2467117309570312,1.2441060543060303,1.2448649406433105,0.000871416095243216,1.2429239153862,1.241702023006621,1.241864522298177,1.2426191616058349,,,True,True,False,0.0003671795129776001,0.0003148998532978009,2.8908252716064453e-05,-1.79886817932573e-05,,
2023-05-24 08:00:00+01:00,1.24447762966156,1.24447762966156,1.240494728088379,1.2410489320755005,-0.003065399661619561,1.2428796291351318,1.241838125955491,1.2417992154757183,1.2425546145439148,,,False,False,False,-4.4286251068115234e-05,0.0001361029488700094,-6.530682245875497e-05,-6.454706192005055e-05,,
2023-05-24 09:00:00+01:00,1.2408795356750488,1.2431007623672485,1.240787148475647,1.2421897649765015,0.0009192489284794991,1.2428371906280518,1.2420146805899483,1.2417508125305177,1.242532684803009,,,True,False,False,-4.2438507080078125e-05,0.00017655463445742647,-4.840294520058741e-05,-2.19297409058683e-05,,
2023-05-24 10:00:00+01:00,1.242004632949829,1.2426527738571167,1.238267421722412,1.238267421722412,-0.003157603906166151,1.2423005998134613,1.2420219807397752,1.2415721774101258,1.2424316906929016,,,False,False,False,-0.0005365908145904541,7.300149826861002e-06,-0.0001786351203918457,-0.00010099411010733306,,
2023-05-24 11:00:00+01:00,1.2387735843658447,1.2387735843658447,1.2365983724594116,1.237623691558838,-0.000519863603193893,1.2417510598897934,1.241829520180112,1.2413710554440816,1.2423029732704163,,,False,False,True,-0.0005495399236679077,-0.00019246055966326558,-0.0002011219660442709,-0.00012871742248532492,,
2023-05-24 12:00:00+01:00,1.237930178642273,1.2394952774047852,1.2378230094909668,1.2394952774047852,0.0015122414500565728,1.2413467168807983,1.2417004789624895,1.241254993279775,1.2422036361694335,,,True,False,True,-0.00040434300899505615,-0.000129041217622472,-0.00011606216430659622,-9.933710098275483e-05,,
2023-05-24 13:00:00+01:00,1.2398794889450073,1.241434097290039,1.2391880750656128,1.2402639389038086,0.0006201407242412138,1.2409418821334839,1.2416102432069325,1.2411527037620544,1.2421097564697265,,,True,False,True,-0.0004048347473144531,-9.023575555699992e-05,-0.00010228951772051076,-9.387969970697796e-05,,
2023-05-24 14:00:00+01:00,1.2404793500900269,1.2414803504943848,1.2380374670028687,1.2380374670028687,-0.00179515974874489,1.2402239292860031,1.241440426735651,1.2410646398862204,1.2419499397277831,,,False,False,True,-0.0007179528474807739,-0.00016981647128155863,-8.806387583404351e-05,-0.00015981674194343043,,
2023-05-24 15:00:00+01:00,1.237930178642273,1.2383286952972412,1.2362467050552368,1.23646080493927,-0.001273517244526956,1.239173412322998,1.2411705596106393,1.2409127275149028,1.2417579698562622,,,False,False,True,-0.001050516963005066,-0.0002698671250116469,-0.0001519123713176196,-0.00019196987152092504,,
2023-05-24 16:00:00+01:00,1.2367665767669678,1.237394094467163,1.2358800172805786,1.2366442680358887,0.00014837760799668587,1.2386228293180466,1.2409211851301647,1.2408591349919638,1.2416201829910278,,,True,False,True,-0.000550583004951477,-0.00024937448047457345,-5.359252293901662e-05,-0.00013778686523435724,,
2023-05-24 17:00:00+01:00,1.2365983724594116,1.237700343132019,1.2358037233352661,1.2371643781661987,0.00042058184698179346,1.2379946559667587,1.2407508747918266,1.2408249219258627,1.2415310907363892,,,True,False,True,-0.0006281733512878418,-0.00017031033833814213,-3.421306610107422e-05,-8.909225463860082e-05,,
2023-05-24 18:00:00+01:00,1.236950159072876,1.237715721130371,1.2364147901535034,1.236904263496399,-0.0002102506945643734,1.237824261188507,1.2405322336015248,1.2407723267873128,1.2414284682273864,,,False,False,True,-0.00017039477825164795,-0.00021864119030179374,-5.2595138549937914e-05,-0.00010262250900283654,,
2023-05-24 19:00:00+01:00,1.2370725870132446,1.2377922534942627,1.2358189821243286,1.2359411716461182,-0.0007786308760536764,1.2376139461994171,1.240255247978937,1.2406998952229817,1.2413041138648986,,,False,False,True,-0.00021031498908996582,-0.000276985622587711,-7.243156433101028e-05,-0.00012435436248781073,,
2023-05-24 20:00:00+01:00,1.2361856698989868,1.2368583679199219,1.2358342409133911,1.2361397743225098,0.00016068942515046203,1.2371945083141327,1.2399796417781286,1.2405157089233398,1.2411463356018066,,,True,False,True,-0.00041943788528442383,-0.00027560620080846476,-0.00018418629964189748,-0.00015777826309193443,,
2023-05-24 21:00:00+01:00,1.2361702919006348,1.2367360591888428,1.2360481023788452,1.236567735671997,0.00034620789523720497,1.2367324829101562,1.2397493805204118,1.2403277953465779,1.2409940218925477,,,True,False,True,-0.00046202540397644043,-0.00023026125771674621,-0.00018791357676195553,-0.00015231370925894439,,
2023-05-24 22:00:00+01:00,1.2361856698989868,1.2367972135543823,1.2359716892242432,1.2366900444030762,9.89098514789788e-05,1.2365640550851822,1.2394713220142184,1.240145500500997,1.2408627152442933,,,True,False,True,-0.00016842782497406006,-0.00027805850619344596,-0.00018229484558096587,-0.00013130664825444782,,
2023-05-24 23:00:00+01:00,1.236567735671997,1.236996054649353,1.2359106540679932,1.236873745918274,0.00014854289159127454,1.2366156727075577,1.23920054095132,1.23998783826828,1.2407335376739501,,,True,False,False,5.161762237548828e-05,-0.0002707810628983509,-0.00015766223271684865,-0.00012917757034314192,,
2023-05-25 00:00:00+01:00,1.2369349002838135,1.2371950149536133,1.2366749048233032,1.2371338605880737,0.0002103000978541658,1.2366768717765808,1.2389678671246482,1.2398213664690654,1.2406104898452759,,,True,False,False,6.119906902313232e-05,-0.00023267382667180314,-0.0001664717992146958,-0.0001230478286742276,,
2023-05-25 01:00:00+01:00,1.2369349002838135,1.2369349002838135,1.235574722290039,1.2363996505737305,-0.0005934766137548619,1.2365812808275223,1.2386664208911715,1.2396386504173278,1.2404644083976746,,,False,False,True,-9.559094905853271e-05,-0.00030144623347672095,-0.00018271605173758587,-0.00014608144760130948,,
2023-05-25 02:00:00+01:00,1.2363996505737305,1.2367665767669678,1.2345222234725952,1.2346898317337036,-0.0013829014261153016,1.2363044768571854,1.2382467644555228,1.2394369482994079,1.240289387702942,,,False,False,True,-0.00027680397033691406,-0.0004196564356486743,-0.00020170211791992188,-0.0001750206947326305,,
2023-05-25 03:00:00+01:00,1.2346594333648682,1.235132098197937,1.2343240976333618,1.234903335571289,0.00017292103012267468,1.2361747473478317,1.2378240142549788,1.239217201868693,1.240107500553131,,,True,False,True,-0.0001297295093536377,-0.0004227502005440531,-0.0002197464307147623,-0.00018188714981093312,,
2023-05-25 04:00:00+01:00,1.2348880767822266,1.2348880767822266,1.2334562540054321,1.2341108322143555,-0.0006417533535667541,1.2359211295843124,1.2373119138536,1.2389623006184896,1.239929554462433,1.2417912518978118,,False,False,True,-0.0002536177635192871,-0.0005121004013788344,-0.00025490125020355414,-0.00017794609069810008,,
2023-05-25 05:00:00+01:00,1.233973741531372,1.2343392372131348,1.2339584827423096,1.2341564893722534,3.699599477302584e-05,1.2356197237968445,1.2369837022963024,1.2387032667795816,1.2397398471832275,1.2417207872867584,,True,False,True,-0.00030140578746795654,-0.00032821155729756413,-0.0002590338389079072,-0.00018970727920541997,-7.046461105342239e-05,
2023-05-25 06:00:00+01:00,1.234126091003418,1.2347813844680786,1.233943223953247,1.2346898317337036,0.0004321513244414099,1.235369697213173,1.236626562618074,1.238479487101237,1.2395611143112182,1.241653653383255,,True,False,True,-0.0002500265836715698,-0.0003571396782284797,-0.00022377967834463774,-0.00017873287200931287,-6.713390350343573e-05,
2023-05-25 07:00:00+01:00,1.2346594333648682,1.2366137504577637,1.2343088388442993,1.235559344291687,0.0007042356190480881,1.2352053970098495,1.2364976065499442,1.2382471561431885,1.2393991541862488,1.2416118359565735,,True,False,True,-0.00016430020332336426,-0.00012895606812968197,-0.0002323309580485322,-0.00016196012496938472,-4.181742668141197e-05,
2023-05-25 08:00:00+01:00,1.2353609800338745,1.2353914976119995,1.233547568321228,1.2353914976119995,-0.00013584671627708822,1.2349876016378403,1.2363913116000949,1.238008201122284,1.239247441291809,1.241558187007904,,False,False,True,-0.00021779537200927734,-0.0001062949498493726,-0.00023895502090454102,-0.00015171289443971503,-5.364894866954906e-05,
2023-05-25 09:00:00+01:00,1.2357120513916016,1.2380681037902832,1.235345721244812,1.2367818355560303,0.001125422950310373,1.2350353747606277,1.2362621000834875,1.237833595275879,1.2391164255142213,1.241522443294525,,True,False,False,4.7773122787475586e-05,-0.00012921151660738595,-0.00017460584640494048,-0.00013101577758778404,-3.5743713378888486e-05,
2023-05-25 10:00:00+01:00,1.2368124723434448,1.2387583255767822,1.2368124723434448,1.2378076314926147,0.0008294073433923188,1.2354250997304916,1.2361451330639066,1.2376695156097413,1.2390589904785156,1.2415035688877105,,True,False,False,0.0003897249698638916,-0.00011696701958086031,-0.00016407966613773972,-5.7435035705655224e-05,-1.8874406814584077e-05,
2023-05-25 11:00:00+01:00,1.2378076314926147,1.237914800643921,1.235605239868164,1.2357120513916016,-0.0016929772023510647,1.2355261892080307,1.2360343989871798,1.2374098300933838,1.2389528679847717,1.241456357240677,,False,False,False,0.0001010894775390625,-0.00011073407672679281,-0.0002596855163574663,-0.00010612249374397642,-4.7211647033584825e-05,
2023-05-25 12:00:00+01:00,1.2361245155334473,1.2370573282241821,1.2355440855026245,1.2364147901535034,0.000568691355814277,1.2358141839504242,1.236032207806905,1.23716428677241,1.2389161229133605,1.2414097082614899,,True,False,False,0.00028799474239349365,-2.191180274779825e-06,-0.0002455433209738178,-3.674507141115946e-05,-4.6648979187047246e-05,
2023-05-25 13:00:00+01:00,1.23646080493927,1.2375165224075317,1.233973741531372,1.2341108322143555,-0.0018634182941648092,1.235808476805687,1.2359115680058796,1.2368058164914448,1.238834524154663,1.2413427913188935,,False,False,True,-5.707144737243652e-06,-0.00012063980102539062,-0.00035847028096513966,-8.159875869750977e-05,-6.691694259641778e-05,
2023-05-25 14:00:00+01:00,1.2338976860046387,1.2360633611679077,1.2328327894210815,1.2329543828964233,-0.0009370708754392609,1.235591545701027,1.2357110920406522,1.2365359981854758,1.2387239694595338,1.2412632310390472,,False,False,True,-0.00021693110466003418,-0.00020047596522743127,-0.00026981830596906065,-0.0001105546951292169,-7.956027984623582e-05,
2023-05-25 15:00:00+01:00,1.233593225479126,1.2353609800338745,1.2333498001098633,1.23350191116333,0.00044407828424319895,1.2353343665599823,1.235549075262887,1.23624640305837,1.2386317253112793,1.2411677062511444,,True,False,True,-0.0002571791410446167,-0.00016201677776517265,-0.0002895951271058017,-9.224414825448335e-05,-9.552478790286756e-05,
2023-05-25 16:00:00+01:00,1.233532428741455,1.2344613075256348,1.2319670915603638,1.2323617935180664,-0.0009242933755881921,1.2349556535482407,1.235378628685361,1.2360495487848917,1.2384456539154052,1.2410617077350616,,False,False,True,-0.0003787130117416382,-0.00017044657752607328,-0.00019685427347826412,-0.00018607139587412114,-0.00010599851608272814,
2023-05-25 17:00:00+01:00,1.2324681282043457,1.2325897216796875,1.2309813499450684,1.2309813499450684,-0.0011201609626806386,1.2342305928468704,1.2351329894292922,1.2358281373977662,1.2382211780548096,1.2409278285503387,,False,False,True,-0.0007250607013702393,-0.000245639256068797,-0.000221411387125503,-0.00022447586059559654,-0.00013387918472296256,
2023-05-25 18:00:00+01:00,1.2309964895248413,1.2329847812652588,1.2309662103652954,1.2329847812652588,0.0016275074519040977,1.233627736568451,1.234962372552781,1.235611120859782,1.2380376958847046,1.240808562040329,,True,False,True,-0.0006028562784194946,-0.00017061687651120927,-0.00021701653798422704,-0.00018348217010499823,-0.00011926651000959687,
2023-05-25 19:00:00+01:00,1.233258605003357,1.2332737445831299,1.2317394018173218,1.2317394018173218,-0.0010100525706886465,1.233131155371666,1.2347266276677449,1.2353269696235656,1.2378404116630555,1.2406858241558074,,False,False,True,-0.0004965811967849731,-0.00023574488503608215,-0.00028415123621639005,-0.00019728422164910775,-0.000122737884521662,
2023-05-25 20:00:00+01:00,1.2319064140319824,1.2319064140319824,1.2311631441116333,1.23189115524292,0.00012320254217268456,1.232565701007843,1.2344893614451091,1.2351220925649007,1.2376356744766235,1.2405664598941804,,True,False,True,-0.000565454363822937,-0.00023726622263575692,-0.00020487705866489847,-0.00020473718643199135,-0.00011936426162706404,
2023-05-25 21:00:00+01:00,1.231860876083374,1.2322555780410767,1.2318304777145386,1.2321947813034058,0.00024647149968859416,1.2323261946439743,1.2342541671934582,1.2349798917770385,1.2374419474601746,1.2404262614250183,,True,False,True,-0.00023950636386871338,-0.00023519425165097196,-0.00014220078786220114,-0.0001937270164489302,-0.00014019846916202283,
2023-05-25 22:00:00+01:00,1.2329696416854858,1.2329696416854858,1.2320430278778076,1.2323315143585205,0.00011096707857349841,1.2322483360767365,1.2340604464213054,1.2348361333211264,1.237273759841919,1.2402861881256104,,True,False,True,-7.7858567237854e-05,-0.00019372077215273897,-0.0001437584559120797,-0.00016818761825554418,-0.0001400732994079057,
2023-05-25 23:00:00+01:00,1.2322251796722412,1.2324985265731812,1.2320733070373535,1.2324832677841187,0.00012314334562568696,1.232121005654335,1.2339553719475156,1.2346800963083904,1.2370935106277465,1.2401484084129333,,True,False,True,-0.00012733042240142822,-0.00010507447378982349,-0.0001560370127360322,-0.00018024921417247874,-0.00013777971267714406,
2023-05-26 00:00:00+01:00,1.2325137853622437,1.2325137853622437,1.231618046760559,1.2317091226577759,-0.0006281181632060706,1.2320394217967987,1.2338032665706815,1.2345069249471028,1.2368925356864928,1.2400151455402375,,False,False,True,-8.158385753631592e-05,-0.00015210537683407743,-0.00017317136128758293,-0.00020097494125370652,-0.00013326287269577186,
2023-05-26 01:00:00+01:00,1.2318153381347656,1.2322099208831787,1.2311177253723145,1.2322099208831787,0.0004065880622221574,1.2321929931640625,1.2337127469834828,1.2343825499216716,1.2366981840133666,1.2398906099796294,,True,False,False,0.00015357136726379395,-9.05195871987452e-05,-0.00012437502543116707,-0.00019435167312620294,-0.00012453556060809667,
2023-05-26 02:00:00+01:00,1.2324073314666748,1.2332433462142944,1.2322707176208496,1.2331520318984985,0.0007645702240772767,1.2322138994932175,1.2336649156752086,1.2342829585075379,1.2365331602096559,1.2397764241695404,,True,False,False,2.0906329154968262e-05,-4.783130827412663e-05,-9.959141413373729e-05,-0.00016502380371075098,-0.00011418581008904027,
2023-05-26 03:00:00+01:00,1.233258605003357,1.2336845397949219,1.2325440645217896,1.2327264547348022,-0.0003451132972153159,1.2323372811079025,1.2335714215324038,1.2341549158096314,1.236337103843689,1.23965860247612,,False,False,False,0.0001233816146850586,-9.349414280479529e-05,-0.00012804269790644973,-0.00019605636596686793,-0.0001178216934203391,
2023-05-26 04:00:00+01:00,1.2327568531036377,1.2333345413208008,1.2325440645217896,1.2330759763717651,0.00028353543936732173,1.2324853837490082,1.2334531659171695,1.2340344468752542,1.2361474204063416,1.239527060985565,,True,False,False,0.00014810264110565186,-0.000118255615234375,-0.00012046893437722694,-0.00018968343734737658,-0.0001315414905549428,
2023-05-26 05:00:00+01:00,1.2330912351608276,1.233608365058899,1.2330912351608276,1.233547568321228,0.000382451656264049,1.232654482126236,1.2333653597604661,1.233923574288686,1.2359779715538024,1.2393947970867156,,True,False,False,0.0001690983772277832,-8.780615670334058e-05,-0.00011087258656816701,-0.00016944885253922237,-0.00013226389884946066,
2023-05-26 06:00:00+01:00,1.2336236238479614,1.234141230583191,1.2331825494766235,1.2338215112686157,0.00022207732755741283,1.2328407317399979,1.2332243919372559,1.2338131626447042,1.2357998013496398,1.23926651597023,,True,False,False,0.00018624961376190186,-0.00014096782321026957,-0.00011041164398184478,-0.00017817020416255325,-0.0001282811164855513,
2023-05-26 07:00:00+01:00,1.2340651750564575,1.235162615776062,1.2333498001098633,1.2342631816864014,0.00035796945810373515,1.2330632209777832,1.2330556086131506,1.2337419470151265,1.2356150126457215,1.2391468465328217,,True,True,False,0.00022248923778533936,-0.00016878332410530383,-7.121562957768113e-05,-0.00018478870391835933,-0.00011966943740837621,
2023-05-26 08:00:00+01:00,1.2339280843734741,1.2359564304351807,1.2337149381637573,1.2350252866744995,0.0006174574429553825,1.2334777414798737,1.2330229055313837,1.2337531288464865,1.2354398965835571,1.2390385234355927,,True,True,False,0.0004145205020904541,-3.270308176683834e-05,1.1181831359952099e-05,-0.00017511606216435993,-0.00010832309722896838,
2023-05-26 09:00:00+01:00,1.234811782836914,1.2368277311325073,1.2346745729446411,1.235284686088562,0.00021003571089694972,1.2338620871305466,1.2329690910521007,1.2337658405303955,1.235248291492462,1.2389337265491485,,True,True,False,0.0003843456506729126,-5.381447928298755e-05,1.2711683909039095e-05,-0.00019160509109505952,-0.00010479688644426943,
2023-05-26 10:00:00+01:00,1.235254168510437,1.2362467050552368,1.2347050905227661,1.2358342409133911,0.0004448811120367768,1.2341973632574081,1.2330511581330073,1.23382328748703,1.23514399766922,1.2388493061065673,,True,True,False,0.00033527612686157227,8.20670809065227e-05,5.744695663456589e-05,-0.00010429382324206316,-8.442044258116788e-05,
2023-05-26 11:00:00+01:00,1.2359870672225952,1.237914800643921,1.2350863218307495,1.2377463579177856,0.0015472277277099877,1.234824851155281,1.2332793474197388,1.233942949771881,1.2350551295280456,1.2387939071655274,,True,True,False,0.0006274878978729248,0.00022818928673151717,0.00011966228485094099,-8.88681411743697e-05,-5.5398941039896954e-05,
2023-05-26 12:00:00+01:00,1.2379608154296875,1.239479899406433,1.2375012636184692,1.2385741472244263,0.0006687875115489739,1.2355121225118637,1.2335208824702673,1.2340724269549053,1.235061264038086,1.2387464773654937,,True,True,False,0.0006872713565826416,0.00024153505052848523,0.00012947718302425137,6.1345100403897845e-06,-4.742980003369368e-05,
2023-05-26 13:00:00+01:00,1.2386201620101929,1.2389731407165527,1.2353304624557495,1.2371797561645508,-0.0011258034595670319,1.235966145992279,1.233750309262957,1.2341264406840007,1.2350523853302002,1.2386776793003083,,False,True,False,0.00045402348041534424,0.0002294267926896687,5.4013729095414575e-05,-8.878707885795478e-06,-6.879806518544918e-05,
2023-05-26 14:00:00+01:00,1.2372256517410278,1.2380374670028687,1.2344155311584473,1.2347356081008911,-0.0019755803887682166,1.2360804080963135,1.2339290834608532,1.234104577700297,1.2349571919441222,1.238580414056778,,False,True,False,0.00011426210403442383,0.0001787741978962476,-2.186298370365769e-05,-9.519338607799632e-05,-9.726524353026456e-05,
2023-05-26 15:00:00+01:00,1.2355899810791016,1.2362314462661743,1.2323617935180664,1.2332433462142944,-0.001208567953176587,1.2359529286623,1.2339413960774739,1.2339866280555725,1.234816780090332,1.2384632682800294,,False,False,False,-0.0001274794340133667,1.2312616620713257e-05,-0.0001179496447245576,-0.00014041185379021215,-0.00011714577674859505,
2023-05-26 16:00:00+01:00,1.2333194017410278,1.2339128255844116,1.2322251796722412,1.2339128255844116,0.0005428607193966872,1.2358138710260391,1.2340448924473353,1.2338568011919657,1.2347342872619629,1.238342113494873,,True,False,False,-0.00013905763626098633,0.00010349636986139998,-0.00012982686360674123,-8.249282836914062e-05,-0.00012115478515628553,
2023-05-26 17:00:00+01:00,1.2338062524795532,1.2349796295166016,1.2338062524795532,1.2343544960021973,0.0003579429669811063,1.2356975972652435,1.2341621943882533,1.2338115493456523,1.2346921610832213,1.2382250654697418,,True,False,False,-0.00011627376079559326,0.00011730194091796875,-4.5251846313432154e-05,-4.212617874155278e-05,-0.00011704802513134993,
2023-05-26 18:00:00+01:00,1.2344764471054077,1.235132098197937,1.2341564893722534,1.234842300415039,0.00039518988622933016,1.2355736047029495,1.2342882667269026,1.2337591330210367,1.2346561217308045,1.238138152360916,,True,False,False,-0.00012399256229400635,0.0001260723386493634,-5.241632461561174e-05,-3.603935241680567e-05,-8.691310882569248e-05,
2023-05-26 19:00:00+01:00,1.234903335571289,1.2355899810791016,1.2343392372131348,1.2350252866744995,0.00014818593386300982,1.2352334707975388,1.234416541599092,1.233789614836375,1.2346133399009704,1.2380722153186798,,True,False,False,-0.0003401339054107666,0.00012827487218936007,3.0481815338267992e-05,-4.2781829834082075e-05,-6.593704223623043e-05,
2023-05-26 20:00:00+01:00,1.2350252866744995,1.235254168510437,1.2345069646835327,1.2351168394088745,7.413025090485803e-05,1.2348013073205948,1.2345419497716994,1.2338616967201232,1.23457759141922,1.2380030298233031,,True,False,False,-0.0004321634769439697,0.00012540817260742188,7.208188374829838e-05,-3.5748481750363936e-05,-6.918549537671126e-05,
2023-05-26 21:00:00+01:00,1.234994888305664,1.235193133354187,1.2343850135803223,1.2348575592041016,-0.0002099236254418102,1.2345110327005386,1.2346918753215246,1.233906884988149,1.2345559191703797,1.2379300165176392,,False,False,True,-0.00029027462005615234,0.00014992554982518058,4.518826802568654e-05,-2.167224884042085e-05,-7.301330566389375e-05,
2023-05-26 22:00:00+01:00,1.2348575592041016,1.2348575592041016,1.2348575592041016,1.2348575592041016,0.0,1.23452627658844,1.2348179533368064,1.2339900771776835,1.2345302748680114,1.2378383052349091,,False,False,False,1.5243887901306152e-05,0.0001260780152818608,8.319218953456442e-05,-2.5644302368288407e-05,-9.171128273011142e-05,
2023-05-29 00:00:00+01:00,1.2347050905227661,1.234933853149414,1.2342479228973389,1.2345983982086182,-0.0002098711657484431,1.2346956580877304,1.2348868279230028,1.2341106454531352,1.234490888118744,1.2377424550056457,,False,False,False,0.0001693814992904663,6.887458619631026e-05,0.00012056827545170457,-3.938674926740049e-05,-9.585022926339448e-05,
2023-05-29 01:00:00+01:00,1.2345831394195557,1.2346745729446411,1.2340041399002075,1.2346594333648682,4.9437255336348684e-05,1.2347889840602875,1.2349788745244343,1.2341664671897887,1.2344502758979798,1.2376564955711364,,True,False,False,9.332597255706787e-05,9.20466014315835e-05,5.582173665352741e-05,-4.061222076412463e-05,-8.595943450928623e-05,
2023-05-29 02:00:00+01:00,1.2346441745758057,1.235635757446289,1.2344613075256348,1.235315203666687,0.0005311345656118238,1.2349090725183487,1.2350855043956213,1.2342856605847676,1.234419105052948,1.2375763213634492,,True,False,False,0.00012008845806121826,0.00010662987118692513,0.00011919339497890036,-3.117084503179157e-05,-8.01742076872447e-05,
2023-05-29 03:00:00+01:00,1.235254168510437,1.2357732057571411,1.2347050905227661,1.235101580619812,-0.0001729299908564963,1.2349414825439453,1.235159504981268,1.2343926747639975,1.2343784594535827,1.2374944746494294,,False,False,False,3.241002559661865e-05,7.400058564677181e-05,0.00010701417922986955,-4.0645599365340956e-05,-8.184671401978427e-05,
2023-05-29 04:00:00+01:00,1.235101580619812,1.235162615776062,1.2342935800552368,1.2347356081008911,-0.00029630965150029276,1.2349052727222443,1.2352030334018527,1.2344773689905801,1.234345178604126,1.2374047935009003,,False,False,True,-3.6209821701049805e-05,4.352842058463757e-05,8.469422658263781e-05,-3.328084945675158e-05,-8.968114852914155e-05,
2023-05-29 05:00:00+01:00,1.2343240976333618,1.235574722290039,1.2343240976333618,1.235574722290039,0.0006795901759393264,1.2349625080823898,1.2352654877163114,1.2345854759216308,1.2343628764152528,1.2373261320590974,,True,False,False,5.723536014556885e-05,6.24543144587264e-05,0.0001081069310506777,1.7697811126815566e-05,-7.866144180290746e-05,
2023-05-29 06:00:00+01:00,1.235559344291687,1.2358648777008057,1.235132098197937,1.235605239868164,2.4699095549918226e-05,1.2350559681653976,1.2352931045350575,1.2346895416577657,1.2343769145011902,1.2372422075271607,,True,False,False,9.34600830078125e-05,2.761681874607902e-05,0.00010406573613486181,1.4038085937473355e-05,-8.392453193661886e-05,
2023-05-29 07:00:00+01:00,1.235559344291687,1.2372103929519653,1.2353304624557495,1.2367054224014282,0.0008903996986784346,1.2352869510650635,1.235360758645194,1.234856084982554,1.2344288063049316,1.2371791803836822,,True,False,False,0.00023098289966583252,6.76541101365391e-05,0.00016654332478838185,5.189180374132185e-05,-6.302714347850014e-05,
2023-05-29 08:00:00+01:00,1.2363842725753784,1.2364147901535034,1.233638882637024,1.23401939868927,-0.0021719187637606607,1.235214576125145,1.2352743375869024,1.2349164009094238,1.234426064491272,1.2370829558372498,,False,False,True,-7.237493991851807e-05,-8.642105829159696e-05,6.031592686972509e-05,-2.7418136596679688e-06,-9.622454643243294e-05,
2023-05-29 09:00:00+01:00,1.2344307899475098,1.2351473569869995,1.2337453365325928,1.2347813844680786,0.0006174828204628113,1.2352298200130463,1.2351331483750116,1.234970712661743,1.2344278955459596,1.2369945049285889,,True,True,False,1.5243887901306152e-05,-0.00014118921189076872,5.431175231929153e-05,1.8310546876509903e-06,-8.845090866094196e-05,
2023-05-29 10:00:00+01:00,1.2347203493118286,1.2347203493118286,1.2338367700576782,1.2345526218414307,-0.00018526569117860436,1.2351344972848892,1.2349416471662975,1.2350315848986309,1.2344077610969544,1.2369034576416016,,False,False,False,-9.532272815704346e-05,-0.0001915012087141399,6.0872236887776765e-05,-2.0134449005171362e-05,-9.104728698727804e-05,
2023-05-29 11:00:00+01:00,1.2346289157867432,1.2350252866744995,1.234202265739441,1.2345069646835327,-3.6982755607373186e-05,1.2350601702928543,1.2348143713814872,1.235079284509023,1.234390070438385,1.2368187558650972,,False,False,False,-7.432699203491211e-05,-0.0001272757848103101,4.769961039219339e-05,-1.7690658569380346e-05,-8.470177650443667e-05,
